emp_no,first_name,last_name,titles,salary
10095,Hilari,Morton,Senior Staff,63668
10122,Ohad,Esposito,Technique Leader,42284
10291,Dipayan,Seghrouchni,Senior Staff,57430
10476,Kokou,Iisaka,Senior Staff,58221
10663,Teunis,Noriega,Technique Leader,47521
10762,Lech,Himler,Senior Staff,52172
10933,Juyoung,Seghrouchni,Senior Engineer,40000
12155,Keiichiro,Glinert,Engineer,55355
12408,Rasiah,Sudkamp,Senior Engineer,40000
12643,Morrie,Schurmann,Staff,114784
13499,Kazuhiko,Sidou,Technique Leader,40000
14075,Denny,Tchuente,Assistant Engineer,40000
14104,Sudhanshu,Demian,Senior Staff,40327
14127,Magdalena,Cannard,Engineer,50454
14158,Caolyn,Setiz,Senior Staff,67559
14476,Sastry,Marrevee,Engineer,72512
14907,Nakhoon,Luga,Senior Staff,69351
15050,Nikolaos,Kruskal,Engineer,46188
15058,Bouchung,Bugrara,Senior Staff,62294
15413,Arvin,Rabejac,Engineer,40000
16461,Remmert,Schahn,Senior Staff,83638
16528,Gaurav,Swick,Assistant Engineer,49557
17013,Morris,Garigliano,Senior Staff,55776
17206,Berry,DeMori,Engineer,40000
17369,Yaghout,Kenevan,Engineer,40000
17447,Zengping,Boreale,Staff,65188
17731,Gennady,Roison,Assistant Engineer,68972
17970,Filipp,Carrere,Technique Leader,40000
17988,Mabhin,Calkin,Engineer,52284
18021,Adil,Matzke,Engineer,40000
18424,Filipp,Rousseau,Engineer,40000
18583,Stafford,Honglei,Staff,40000
18617,Surveyors,Crouzet,Senior Staff,40000
18810,Taiji,Jarecki,Engineer,40000
19236,Elzbieta,Morris,Engineer,67760
19350,Satoru,Yoshizawa,Senior Staff,41182
19803,Ziva,Kowalchuk,Engineer,71465
20100,Utz,Heuter,Senior Staff,64100
20128,Kazunori,Peak,Senior Staff,40000
20129,Rafael,Skafidas,Engineer,53292
20248,Vidar,Demri,Staff,40000
20313,Candida,Benveniste,Engineer,40000
20500,Christoph,Trystram,Senior Staff,40000
20885,Otmar,Rothenberg,Engineer,59704
21181,Jianhui,Cangellaris,Assistant Engineer,60114
21188,Piyush,Danecki,Engineer,40000
21546,Yongmin,Lanteri,Senior Staff,75391
21843,Karsten,Azadmanesh,Senior Engineer,52216
21909,Mohammed,Brizzi,Senior Staff,60302
22185,Huai,Birch,Assistant Engineer,40000
22415,Perla,Jumpertz,Senior Staff,69277
22451,Jasminko,Bresenham,Senior Staff,40000
22455,Barry,Unno,Senior Staff,69644
22926,Manibrata,Genther,Engineer,56184
23396,Hilari,Fairtlough,Technique Leader,55806
24080,Jaana,Perez,Technique Leader,47203
24205,Roddy,Rubsam,Senior Engineer,49424
24377,Lubomir,Wroclawski,Engineer,42900
24394,Zhonghui,Conta,Staff,55035
24553,Anwar,Passafiume,Senior Staff,58459
24571,Cordelia,Gischer,Engineer,40000
25488,Ingmar,Basawa,Senior Staff,40851
26629,Nevin,Rodham,Senior Staff,50836
26671,Jiakeng,Kalorkoti,Engineer,68039
26788,Zongyan,Dalphin,Engineer,40000
27331,Wanqing,Krohm,Senior Staff,40000
27378,Piyawadee,Leppanen,Senior Staff,48227
27620,Shuji,Kandlur,Engineer,40000
27686,Manu,Rosiles,Senior Staff,62592
27699,Falguni,Pezzoli,Engineer,67505
27767,Tooru,Veldwijk,Senior Staff,40000
28193,Xinglin,Mitsuhashi,Engineer,40490
28974,Chenxi,Sundgren,Senior Engineer,40000
28988,Tua,Giveon,Technique Leader,47185
29130,Xumin,Thorensen,Staff,67033
29265,Gilbert,Calkin,Senior Staff,40000
29380,Satoru,Vidal,Assistant Engineer,48212
29418,Valery,Mersereau,Assistant Engineer,57496
29679,Kolar,Steenbeek,Senior Engineer,44381
29782,Jouko,Hellwagner,Senior Engineer,45222
29954,Pranay,Giarratana,Senior Engineer,40000
30007,Kousuke,Vecchio,Engineer,56378
30035,Tetsushi,Conta,Senior Staff,45843
30154,Mayuko,Skafidas,Technique Leader,40000
30182,Leon,Potthoff,Engineer,61572
30465,Randi,Avouris,Engineer,41895
30484,Sailaja,Chvatal,Staff,62692
30695,Gudjon,Majewski,Senior Engineer,42052
30938,Yakkov,Samarati,Senior Staff,43593
31147,Divine,Sidhu,Senior Staff,54305
31188,Leandro,Gist,Technique Leader,40000
31207,Abdelwaheb,Dulin,Senior Engineer,40000
31341,Oksana,Zultner,Senior Staff,53219
31514,Harngdar,Schapire,Engineer,62415
31568,Mark,Lalonde,Staff,67061
31909,Murthy,Peek,Engineer,46224
32347,Terresa,Peres,Senior Staff,66965
32552,Atreye,Stanger,Assistant Engineer,50710
32649,Ingmar,Nannarelli,Senior Staff,51124
32714,Radoslaw,Maliniak,Staff,82622
32844,Tadahiko,Melton,Engineer,48091
33025,Jessie,Thorelli,Senior Staff,40000
33215,Steen,Fasbender,Technique Leader,48797
33722,Anwar,Collette,Senior Engineer,40000
34077,Angel,Sichman,Senior Staff,50005
34261,Kyoichi,Callaway,Senior Staff,40000
34446,Chinhyun,Bauknecht,Senior Engineer,40000
34452,Naftaly,Foong,Engineer,50679
34505,Felicidad,Kumaresan,Senior Staff,87384
34533,Erzsebet,Shigei,Senior Engineer,40829
34780,Moni,Kohling,Staff,64125
34788,Ennio,Babu,Senior Engineer,58068
34936,Bokyung,Stamatiou,Technique Leader,65899
35044,Jiang,Waschkowski,Engineer,52310
35087,Leif,Ashish,Senior Staff,40000
35441,Chandrasekaran,Peek,Engineer,48152
35642,Ashish,Talmon,Engineer,40000
35793,Oscar,Kusalik,Senior Staff,56473
35798,Ulf,Oberman,Senior Engineer,41160
36521,Serif,Gladwell,Senior Staff,57111
36626,Fen,Genin,Senior Staff,48437
36733,Uma,Reinhard,Staff,40000
36844,Hailing,Levergood,Staff,57007
36982,Kotesh,Rajala,Engineer,40000
37070,Jeong,Undy,Senior Staff,43215
37945,Suzette,Butterworth,Senior Engineer,40000
38043,Michaela,Randi,Engineer,49927
38103,Masasuke,Babu,Engineer,48383
38168,Fumiko,Deverell,Senior Staff,40000
38550,JoAnne,Baez,Senior Engineer,40000
38593,Huei,Orsini,Engineer,60124
38947,Shuichi,Ruemmler,Senior Staff,40000
39000,Martijn,Vendrig,Senior Staff,48649
39036,Changho,Cappelli,Staff,40000
39301,Rimon,Kawashima,Senior Staff,40000
39341,Mahmut,Lampe,Engineer,50645
39952,Otmar,Sudbeck,Staff,80468
40269,Toshiki,Ghazalie,Senior Staff,70370
40283,Sudhanshu,Boissier,Engineer,40000
40301,Spyrose,Felder,Senior Engineer,40000
40536,Harngdar,Bernardinello,Engineer,49948
40765,Michaela,Ramsak,Senior Staff,51758
40773,Shimshon,Aingworth,Senior Staff,40000
40983,Marla,Cherinka,Technique Leader,40000
41114,Petter,Thummel,Technique Leader,60729
41137,Bikash,Buchter,Senior Staff,71921
41357,Willard,Vernadat,Engineer,59086
41518,Keung,Schapiro,Senior Engineer,47399
41520,Xiong,Uhrik,Senior Engineer,44818
41609,Yucai,Simmen,Senior Staff,60396
42778,Shuji,Remmers,Senior Staff,40000
42911,Brigham,Eterovic,Engineer,40181
42950,Shaleah,Eickenmeyer,Senior Staff,40000
42955,Yucel,Lortz,Engineer,40000
43154,Maha,Waterhouse,Senior Staff,69813
43733,Huei,Boguraev,Senior Staff,40000
43848,Phillip,Oxenboll,Engineer,40000
44054,Alenka,Ritcey,Engineer,40000
44265,Maria,Eppinger,Engineer,52444
44540,Mingzeng,Sadowski,Senior Engineer,40000
44900,Mark,Schwaller,Senior Staff,47805
44959,Volkmar,Uhrik,Engineer,60432
44962,Sariel,Wynblatt,Assistant Engineer,40000
45162,Dulce,Speel,Engineer,58610
46000,Zhaofang,Penn,Senior Staff,40000
46328,Wuxu,Trogemann,Senior Staff,76950
46811,Junsik,Berendt,Senior Engineer,52228
46834,Tooru,Daescu,Senior Staff,82569
46943,Pasqua,Maraist,Engineer,46091
47016,Toong,Litecky,Senior Staff,58961
47139,Marco,Usdin,Engineer,67283
47262,Gonzalo,Binkley,Engineer,40000
47515,Naraig,Jenevein,Senior Engineer,50098
47702,Juyoung,Vieri,Senior Staff,84625
47708,Edwin,Haldar,Senior Staff,76137
48275,Sariel,Massonet,Senior Staff,67799
48690,Hitomi,Schaap,Staff,47581
48882,Leen,Lamparter,Engineer,40000
48904,Yuichiro,Malabarba,Senior Staff,58807
48947,Filipp,Akaboshi,Senior Staff,57836
49010,Kazuhisa,Benantar,Senior Staff,63422
49017,Filipp,Flanders,Engineer,46622
49119,Lena,Peek,Engineer,55051
49177,Tze,Bach,Engineer,44995
49464,Siddarth,Cappelletti,Staff,73678
49477,Baocai,Leaver,Senior Staff,40000
50293,Xinan,Rindone,Engineer,40000
50311,Mooi,Stafford,Senior Engineer,40000
50453,Aron,Harbusch,Staff,79402
50670,Boguslaw,Snedden,Senior Staff,64895
50831,Marie,Khalid,Senior Engineer,52845
51036,Chriss,Fasbender,Staff,55121
51057,Theirry,Albarhamtoshy,Senior Staff,58337
51060,Youngkon,Rohrbach,Engineer,42308
51142,Rosine,Lakshmanan,Engineer,46516
52038,Chikako,Armand,Senior Engineer,52102
52040,Phule,Heijenga,Senior Staff,40000
52283,Trygve,Krupka,Senior Staff,44232
52386,Adas,Denti,Senior Staff,65342
52590,Jouni,Munoz,Senior Staff,45171
52599,Augustine,Mungall,Engineer,48897
52639,Arup,Colorni,Senior Staff,69976
52770,Shugo,Yurek,Senior Staff,65588
52778,Alain,Penn,Technique Leader,46041
52956,Khalil,Picci,Engineer,40000
52970,Lobel,Werthner,Engineer,47552
53278,Premsyl,Lortz,Senior Staff,67503
53314,Eberhardt,Carrera,Staff,40000
53431,Sham,Vasanthakumar,Senior Staff,60379
53499,Zdislav,Mandelberg,Engineer,40000
53597,Jiafu,Marchegay,Engineer,41626
53874,Bodo,Schade,Senior Staff,51955
53924,Arnould,Gaughan,Engineer,40000
54198,Shaowen,Segond,Engineer,40000
54632,Etsuo,Serot,Senior Staff,43788
54795,Sumant,Nergos,Senior Staff,40000
54800,Breannda,Cangellaris,Staff,74827
55640,Adit,Syrotiuk,Engineer,40000
55687,Shih,Lindqvist,Senior Engineer,40000
55799,Jianwen,Litzler,Engineer,61980
55857,Adin,Scallan,Senior Staff,70416
56105,Makato,Remmers,Engineer,40000
56209,Remzi,Douceur,Engineer,54373
56415,Sigeru,Nivat,Senior Staff,51148
56428,Olivera,Hanabata,Senior Staff,43255
56682,Roded,Picco,Assistant Engineer,40000
56829,Nagui,Gruenwald,Engineer,40000
56847,Menkae,Chinin,Senior Engineer,44031
57934,Sanjoy,Boudaillier,Engineer,82396
58141,Bezalel,Karner,Staff,46317
58147,Shigenori,Sullins,Senior Staff,55703
58384,Mariusz,Vural,Engineer,40000
58454,Ziya,Zambonelli,Engineer,44411
58497,Yechiam,Cairo,Senior Staff,90613
58819,Gennady,Liesche,Senior Staff,71147
58990,Palash,Trelles,Engineer,47785
59195,Ronnie,Pollock,Technique Leader,50132
59640,Zita,Hiltgen,Staff,45566
59869,Zsolt,Riefers,Senior Staff,56247
59966,Steen,Salvesen,Technique Leader,40000
60000,Heekeun,Emmart,Assistant Engineer,60002
60091,Surveyors,Bade,Senior Staff,46436
60238,Erzsebet,Claffy,Staff,73612
60559,Jeanna,Stemann,Engineer,41261
60821,Moty,Mersereau,Senior Staff,44481
60845,Bedir,Siegrist,Engineer,71431
60875,Rildo,Masaki,Engineer,41164
60959,Tetsushi,Sridhar,Senior Staff,62352
61147,Leszek,Werthner,Staff,64737
61253,Cheong,Uhrik,Engineer,40000
61377,Dannz,Ohori,Senior Staff,40000
61541,Kasidit,Papsdorf,Engineer,49649
61873,Woody,Rusmann,Assistant Engineer,40000
62033,Heeju,Cappelli,Engineer,69343
62046,Karlis,Nanard,Engineer,54073
62245,Adel,Bressoud,Engineer,40000
63294,Tetsushi,Tanemo,Engineer,40000
63419,Hiroyasu,Seuren,Senior Engineer,40000
63441,Hinrich,Scallan,Staff,40000
63566,Heekeun,Slaats,Senior Staff,40000
63631,Falguni,Cherinka,Senior Engineer,40000
63706,Sedat,Itzigehl,Engineer,46185
64023,Laurentiu,Benzmuller,Senior Engineer,45861
64209,Golgen,Schoegge,Senior Staff,40000
64487,Tsutomu,Rebaine,Engineer,42874
64532,Atilio,Segond,Engineer,76024
64632,Zsolt,Brender,Senior Staff,74384
64790,Shin,Piveteau,Engineer,59783
64828,Krister,Pappas,Staff,61091
64984,Eldridge,Eldridge,Engineer,40000
65171,Jeane,Tasistro,Technique Leader,71349
65539,Aksel,Picaronny,Engineer,60784
65883,Patricia,Pepe,Senior Staff,93721
65998,Mandell,Alameldin,Senior Staff,85937
66382,Domenico,Candan,Engineer,55428
66530,Dung,Leaver,Staff,40000
66643,Jianhao,Tomescu,Engineer,41133
66702,Deniz,Thibadeau,Engineer,52161
66757,Yonghong,Baig,Staff,46812
66807,Aiman,Rosaz,Engineer,50982
67320,Sadok,Lorys,Senior Staff,89952
67548,Fumitaka,Roohalamini,Staff,40000
67934,Aiman,Gargeya,Engineer,54347
68416,Munenori,Debuse,Senior Engineer,54132
68608,Yucai,Seghrouchni,Engineer,47652
68633,Chinhyun,Rassart,Senior Engineer,60777
68648,Jaques,DiGiano,Technique Leader,55150
69052,Shietung,Shrader,Senior Staff,42091
69219,Shuky,Redmiles,Senior Staff,75769
69867,Miyeon,Rothe,Senior Staff,82080
69878,Chinya,Cooke,Engineer,46063
69936,Lalit,Unni,Assistant Engineer,50124
70469,Tru,Miyakawa,Senior Staff,49746
70990,Arumugam,Nitta,Senior Engineer,56701
71066,Domenick,Basart,Senior Staff,78430
71141,Sajjad,Vitiello,Senior Staff,40000
71188,Pranjal,Schapiro,Senior Staff,64557
71243,Kinh,Buchter,Engineer,51345
71334,Cathie,Peck,Engineer,40000
71685,Kristinn,Olano,Senior Engineer,40000
71710,Hitomi,Takanami,Assistant Engineer,43204
71745,Adil,Laventhal,Assistant Engineer,40000
72190,Sajjad,Waeselynck,Engineer,43105
72194,Feiyu,Siepmann,Senior Engineer,70267
72232,Naraig,Veldwijk,Engineer,61027
72640,Honglan,Hutton,Engineer,40000
72918,Takahira,Szilard,Senior Staff,73810
73076,Froduald,Feldhoffer,Senior Engineer,44141
73233,Shigeo,Merey,Senior Engineer,43651
73516,Qingxiang,Badache,Engineer,40000
73743,Anneke,Bernardeschi,Engineer,40000
74200,Holgard,Weiland,Senior Engineer,40000
74344,Hiroyasu,Provine,Engineer,40000
74668,Masako,Bonifati,Senior Staff,56031
74800,Yuuichi,Conde,Assistant Engineer,40000
75354,Shuky,Jakobus,Engineer,40000
75703,Kyoichi,Erman,Engineer,40000
76189,Kolar,Hinsberger,Engineer,47490
76201,Arif,Preusig,Senior Engineer,45799
76640,Tristan,Mitsuhashi,Engineer,40000
77030,Faiza,Garnham,Technique Leader,47503
77303,Xinglin,Birge,Senior Staff,48808
77647,Niranjan,Schaaf,Technique Leader,42981
77815,Ronghao,Picaronny,Assistant Engineer,46164
78106,Ashish,Ratnaker,Senior Staff,73059
78363,Susumu,Fritzsche,Engineer,40030
78469,Leucio,Cappelli,Staff,40000
78871,Conor,Ghandeharizadeh,Senior Engineer,63067
79043,Katsuo,Hockney,Technique Leader,62200
79171,Guiseppe,Ellozy,Senior Engineer,44193
79310,Jeong,Cunliffe,Senior Staff,43707
79606,Arnd,Peir,Senior Engineer,50381
79763,Sanjoy,Barreiro,Senior Staff,80428
79895,Fei,Murtagh,Senior Staff,51534
80067,Kazuhisa,Weiland,Senior Staff,40000
80203,Shakhar,Baik,Staff,41466
80432,Stella,Figueira,Senior Staff,56584
80731,Shaowen,Eldridge,Senior Staff,54475
80850,Koldo,Luit,Engineer,55815
80889,Shigeo,Linnainmaa,Senior Engineer,60339
80948,Harjit,Bardell,Engineer,40000
81105,Jaewon,Boissier,Engineer,51686
81545,Larisa,Kornyak,Technique Leader,40000
81644,Divine,Ghandeharizadeh,Staff,96620
81995,Sreekrishna,Brender,Engineer,41280
82069,Yechezkel,Perfilyeva,Engineer,40000
82098,Poornachandra,Wilharm,Engineer,65236
82351,Stevo,Thambidurai,Senior Staff,40000
82511,Uwe,Koblick,Engineer,40000
82919,Shigeu,Claffy,Engineer,40000
82928,Alselm,Rikino,Engineer,60112
83280,Francesca,Ellozy,Senior Engineer,53451
83289,Shigeichiro,Engelmann,Engineer,40000
83509,Breannda,Collavizza,Engineer,40000
83544,Leaf,Baak,Senior Staff,64345
83714,Ohad,Kilgore,Engineer,43736
83805,Manohar,Harllee,Senior Engineer,81354
83941,Zsolt,Hagimont,Senior Staff,40000
84029,Babette,Eugenio,Staff,40000
84179,Shuichi,Nanard,Senior Engineer,40000
84236,Eberhardt,Barriga,Senior Staff,79481
84315,Kristina,Baumann,Assistant Engineer,40000
84451,Shiv,Aumann,Senior Engineer,52930
84508,Tommaso,Vidya,Engineer,40000
84840,Sverrir,Neimat,Staff,40000
84922,Parke,Unno,Engineer,40000
84942,Shin,Fujisaki,Technique Leader,40000
85216,Ferdinand,Rosiles,Senior Staff,50873
85288,Younwoo,Luders,Engineer,59922
85414,Chiradeep,Callaway,Staff,46065
85445,Yongdong,Pollock,Staff,64616
85702,Udi,Merks,Engineer,46279
85874,Pasqua,Taubman,Senior Staff,45034
86213,Kristine,Clemencon,Senior Staff,58095
86354,Ronghao,Segond,Senior Engineer,66984
86422,Jaewon,Thummel,Senior Staff,40000
86546,Oldrich,Woycyznski,Engineer,40000
86655,Zhenhua,Lorys,Engineer,42987
86672,JoAnne,Anido,Staff,40000
87129,Keung,Neiman,Staff,63824
87353,Quingbo,Coombs,Senior Engineer,54168
87714,Khun,Janetzko,Assistant Engineer,40000
87729,Yongmin,Roccetti,Senior Staff,40000
87783,Conor,Thorensen,Senior Engineer,61557
88103,Goo,Bresenham,Senior Staff,81862
88411,Lena,Cannane,Engineer,40000
88422,Jungsoon,Birsak,Technique Leader,67886
88647,Vasiliy,Ratnaker,Engineer,47900
88958,Vojin,Coombs,Senior Staff,68392
88965,Mang,Hedayat,Engineer,45594
89048,Otmar,Birjandi,Engineer,60750
89090,Tetsushi,Theuretzbacher,Senior Staff,47091
89161,Conal,Yetto,Senior Staff,40000
89207,Along,Erol,Senior Staff,40000
89346,Mansur,Comyn,Engineer,45781
89590,Guther,Rothenberg,Senior Staff,67868
89664,Pranjal,Rossi,Staff,59064
89680,Aiman,Mawatari,Engineer,40000
89806,Xiadong,Shinomoto,Engineer,40000
89922,Alexius,Ibel,Engineer,62911
89941,Arnould,Weedman,Senior Staff,55028
90077,Vivian,Guerreiro,Assistant Engineer,45948
90084,Renny,Bale,Engineer,45685
90211,Bader,Denis,Engineer,40000
90292,Koichi,Assaf,Engineer,40491
90518,Fumiko,Chepyzhov,Senior Staff,42375
90614,Yonghoan,Trogemann,Assistant Engineer,44589
90692,Rajmohan,DasSarma,Senior Staff,40000
91172,Kazuhisa,Melter,Senior Staff,40000
91182,Lucien,Schwartzburd,Engineer,44702
91229,Yahiko,Hebden,Engineer,40000
91256,Gunilla,Milicic,Staff,81518
91333,Lobel,Stafford,Staff,54313
91415,Jamaludin,Nilsson,Senior Staff,50426
91648,Dmitry,Msuda,Senior Staff,84094
92438,Aria,Kilgore,Engineer,54543
92454,Visit,McFarlan,Engineer,40000
92577,Zhanqiu,Farrow,Assistant Engineer,40000
92598,Ranga,Merro,Assistant Engineer,56144
92685,Mang,Atchley,Senior Staff,55634
92841,Claude,Candan,Senior Staff,78441
92846,Anyuan,Kropatsch,Senior Staff,44033
92920,Huei,Hutter,Engineer,40000
93040,Jaques,Kabayashi,Senior Engineer,56125
93220,Richara,Walston,Senior Engineer,47553
93278,Magdalena,Penn,Engineer,49314
93549,Arie,Coullard,Senior Staff,81468
93600,Kristina,Neimat,Technique Leader,40000
94331,Ramzi,Cronau,Technique Leader,40000
94416,Aran,Cesareni,Senior Staff,61048
94761,Hitofumi,Zaccaria,Engineer,48772
94944,Heping,Matheson,Engineer,57985
95181,Yishai,Cappelli,Staff,66810
95286,Kristin,Guerreiro,Engineer,40000
95314,Rasiah,Koblick,Senior Staff,69833
95406,Alair,Lyonns,Engineer,40000
95416,Gianluca,Ramaiah,Engineer,51499
95509,Kristinn,Loncour,Engineer,40000
95920,Nobuyoshi,Hegner,Senior Staff,61744
96571,Kokou,Garrabrants,Senior Engineer,47390
96579,Mohan,Tasistro,Engineer,50866
96767,Arumugam,Vecchio,Engineer,68591
97018,Jeanna,Chinen,Engineer,44400
97623,Haldon,Janetzko,Senior Staff,45153
97661,Avishai,Hegner,Senior Staff,46725
98288,Sumali,Huttel,Senior Staff,43445
98306,Ziya,Kadhim,Senior Engineer,58503
98639,Florina,Assaf,Staff,40000
99057,Shugo,Reeken,Staff,40000
99373,Xiaobin,Christianini,Senior Staff,40000
99377,Carrsten,Francisci,Senior Engineer,51127
99590,Dhritiman,Anily,Staff,86023
99654,Mahendra,Motley,Senior Staff,58667
100865,Hisao,Peral,Engineer,84451
100916,Heejo,Aamodt,Engineer,58123
101487,Abdelaziz,Sury,Senior Staff,60348
101647,Mori,Homond,Senior Staff,69247
101902,Mantis,Millington,Senior Staff,58037
102620,Adin,Templeman,Engineer,45060
103196,Djenana,Albarhamtoshy,Senior Staff,40000
103310,Visit,Swen,Senior Staff,66244
103316,Susanne,Peternell,Engineer,45189
103342,Beshir,Hellwagner,Engineer,40000
103756,Heping,Halloran,Assistant Engineer,40000
104133,Pranjal,Zyda,Senior Staff,92751
104845,Werner,Lodder,Senior Staff,54489
104988,Parviz,Litzler,Engineer,71970
105342,Kwun,Reeker,Technique Leader,61529
105356,Diederik,Matzov,Engineer,43737
105432,Mohamadou,Stafford,Engineer,55985
105520,Haldun,Lienhardt,Senior Staff,71995
105731,Sachem,Cromarty,Assistant Engineer,48369
106096,Naftali,Schurmann,Engineer,40000
106242,Nevio,Thisen,Senior Staff,40000
106695,Lijie,Garrabrants,Senior Staff,52364
106710,Babette,Anandan,Senior Staff,60537
107486,Siamak,Luiz,Senior Engineer,40000
107737,Fabrizio,Chleq,Senior Engineer,70367
107792,Shahab,Crooks,Senior Staff,80432
107828,Ramya,Walston,Senior Staff,78757
108091,Hisao,Ghemri,Senior Staff,56381
108198,Randi,Samarati,Senior Staff,42904
108316,Shai,Stellhorn,Senior Engineer,40000
108988,Oksana,Baek,Senior Staff,60335
109062,Jamaludin,Kandlur,Senior Engineer,45396
109211,Gor,Delgrande,Engineer,40000
109252,Moty,Winter,Technique Leader,40000
109278,Bangqing,Schach,Senior Staff,57911
109552,Menkae,Etalle,Assistant Engineer,49886
109598,Stamatina,Auyong,Senior Staff,59483
109620,Mani,Cannata,Senior Staff,68293
109703,Arco,Walston,Engineer,46705
109741,Hatem,Fadgyas,Senior Engineer,40000
109953,Godehard,Chorvat,Senior Staff,56632
200267,Chuanti,Luff,Senior Staff,40000
200312,Akemi,Fujisaki,Senior Engineer,40000
200363,Kirk,Quaggetto,Engineer,54013
200735,Dinah,Denos,Senior Staff,65769
200789,Susumu,Camurati,Senior Staff,65044
201229,Alejandra,Khasidashvili,Staff,49086
201708,Anneli,Perl,Senior Staff,40000
201709,Fan,Kakkad,Senior Staff,78121
201739,Genta,Terekhov,Assistant Engineer,57310
201801,Waiman,Genin,Engineer,50795
201915,Sudharsan,DeMori,Engineer,62133
202291,Ortrun,Schmiedel,Engineer,63773
202403,Gully,Perko,Engineer,40000
202414,Zvonko,Murthy,Senior Staff,50945
202552,Morris,Saoudi,Engineer,40000
202826,Kerhong,Matzke,Engineer,40000
202882,Isaac,Koshino,Senior Engineer,40000
202950,Giordano,Pietrzykowski,Senior Staff,40000
203474,Hugh,Jonsson,Senior Staff,71401
203495,Zongyan,Gips,Technique Leader,40000
203599,Ewing,DiGiano,Technique Leader,41382
203720,Sasan,Thimonier,Senior Staff,72078
203946,Yefim,Marwedel,Senior Staff,56594
204117,Jessie,Nooteboom,Staff,80942
204133,Susuma,Bergere,Senior Staff,56752
204246,Arve,Worfolk,Senior Staff,40000
204425,Gretta,Huttel,Senior Engineer,40000
204470,Hein,Lichtner,Senior Staff,55499
204471,Franziska,Maginnis,Engineer,40000
204764,Susanne,Mandelberg,Engineer,47854
205018,Yahiko,Awdeh,Engineer,55086
205085,Moni,Kornyak,Technique Leader,43219
205174,Leszek,Spinelli,Staff,55525
205500,Mary,Setiz,Senior Engineer,40000
205627,Stabislas,Broder,Engineer,40000
205660,Kien,Barreiro,Staff,40000
205699,Youjian,Yetto,Senior Staff,55096
205789,Limsoon,Skafidas,Senior Staff,49886
205863,Aiichiro,Kusalik,Engineer,48877
206748,Yucai,Fabrizio,Staff,62756
206836,Guadalupe,Pfau,Senior Staff,48691
206966,Tzu,Sichman,Engineer,61861
207021,Jacqueline,Akaboshi,Engineer,46523
207068,Zhiguo,Ariola,Senior Staff,63190
207204,Kellie,Schrooten,Assistant Engineer,40000
207401,Shuji,Barbanera,Senior Staff,47070
207551,Baziley,Falck,Assistant Engineer,40000
207779,Chinya,Kamble,Senior Staff,48113
207980,Remko,Vieth,Senior Staff,40000
208147,Manu,Rothenberg,Engineer,57788
208330,Shen,Flanders,Senior Staff,80127
208639,Larisa,Lukaszewicz,Senior Staff,64461
208653,Phillip,Schade,Engineer,54926
208784,Pranjal,Juneja,Senior Engineer,40000
209101,Xinyu,Edelhoff,Senior Engineer,50790
209443,Krassimir,Garnier,Senior Staff,54723
209565,Dante,Covnot,Senior Staff,40000
209712,Nimmagadda,Baak,Assistant Engineer,65975
210017,Shalesh,Lovengreen,Senior Staff,40000
210292,Lihong,Zeilberger,Staff,42520
210449,Gino,Lagarias,Engineer,47376
210752,Saniya,Stenning,Senior Staff,47970
210786,Werner,Ranze,Staff,52846
211858,Domenico,Ratnaker,Engineer,43498
211879,Gao,Ranze,Engineer,40000
211967,Anwar,Bain,Engineer,40704
212093,Leni,Henders,Senior Staff,40000
212154,Sailaja,Holburn,Senior Staff,41645
212361,Claudi,Stanfel,Engineer,40000
213016,Yongmao,Fontan,Engineer,40596
213140,Tru,Danecki,Staff,72365
213384,Pranas,Narwekar,Engineer,41608
213447,Armond,Perly,Engineer,57808
214215,Xiaoqiang,Cardazo,Senior Staff,90603
214391,Rayond,Klassen,Senior Staff,46462
214427,Peer,Molberg,Engineer,62160
214539,Ingmar,Kohling,Engineer,64488
214634,Shirish,Vickson,Engineer,48826
214789,Arfst,Chepyzhov,Engineer,40000
214866,Gopalakrishnan,Angel,Engineer,40000
214995,Dinkar,Hoppenstand,Engineer,40000
215419,Flemming,Kroha,Staff,40000
215629,Munehiro,Manders,Senior Staff,40000
215746,Sven,Speer,Staff,79967
215843,Pramod,Loncour,Senior Staff,47164
216054,Sahrah,Angiulli,Senior Staff,40000
216342,Aiichiro,Cromarty,Engineer,40000
216375,Byong,Gustavson,Senior Engineer,59674
216502,Xiaocheng,Suermann,Engineer,63256
216573,Ashish,Vidya,Senior Engineer,41448
216921,Lena,Lenart,Senior Staff,51601
217026,Otmar,Engberts,Senior Staff,51335
217080,Masami,Puoti,Senior Engineer,40000
217272,Yuchang,Eldridge,Senior Staff,56909
217286,Yannik,Spelt,Technique Leader,40000
217320,Abdelwaheb,Denis,Engineer,40000
217363,Horward,Marzano,Staff,74333
217387,Jianhao,Molenaar,Engineer,40000
217551,Panayotis,Lukaszewicz,Engineer,41730
217800,Shay,Servieres,Senior Staff,52924
218022,Mokhtar,Poupard,Technique Leader,46593
218100,Jiong,Garnham,Senior Staff,40000
218831,Unal,DuBourdieux,Engineer,99378
219035,Kristine,Bierman,Technique Leader,40000
219047,Aemilian,Kusalik,Engineer,40000
219052,Marsal,Acton,Staff,62703
219417,Subhrajyoti,Denna,Staff,47152
219497,Moie,Zastre,Technique Leader,40929
219967,Susanna,Reeken,Senior Staff,47439
220029,Demos,Asser,Senior Engineer,43792
220131,Reinhard,Slaats,Engineer,48012
220418,Poorav,Laventhal,Staff,73906
220528,Sibyl,Rabehasaina,Senior Staff,42934
220582,Poornachandra,Zielinski,Senior Staff,54228
220611,Yuping,Babb,Senior Staff,40000
220625,Shigenori,Deville,Technique Leader,40000
220699,Nahid,Gyimothy,Staff,40000
220799,Perla,Orlowska,Senior Engineer,51087
221126,Tesuya,dAstous,Engineer,40000
221367,Saddek,Farris,Senior Staff,42249
221369,Abdulah,Pocchiola,Engineer,52230
221435,Djenana,Marrevee,Engineer,68650
221973,Sangeeta,Kalefeld,Senior Staff,59010
222206,Stein,Uludag,Senior Staff,40000
222311,Miyeon,Billingsley,Senior Engineer,53877
222319,Matt,Chvatal,Senior Engineer,40000
222354,Valdiodio,Schlumberger,Assistant Engineer,40000
222616,Badri,Schapire,Assistant Engineer,40000
222770,Kazuhiko,Kushner,Senior Engineer,49344
222878,Annemarie,Zallocco,Engineer,42172
222926,Limsoon,Erol,Senior Engineer,40000
222952,Gopalakrishnan,Suermann,Engineer,51100
222998,Leaf,Awdeh,Senior Staff,51391
223593,Hidefumi,Moehrke,Staff,56912
223595,Chiranjit,Dredge,Technique Leader,44999
224135,Annemarie,Bressoud,Engineer,43178
224335,Perry,Chachaty,Engineer,54702
224390,True,Shobatake,Senior Staff,40000
224934,George,Miake,Senior Staff,40000
225438,Remmert,Quaggetto,Senior Staff,78303
225601,Masasuke,Genin,Assistant Engineer,40000
225788,Ipke,Kieras,Engineer,40000
225867,Ramalingam,Remmele,Senior Engineer,40000
225964,Mooi,Cooman,Engineer,52478
226216,Giordano,Gini,Technique Leader,40000
226227,Herbert,Erva,Senior Engineer,55409
227354,Gio,Murtha,Engineer,49256
227476,Macha,Schnabel,Engineer,73795
227681,Mikhail,Rousseau,Staff,45519
227899,Garnik,Luce,Staff,61605
227901,Francesca,Azuma,Staff,40000
228098,IEEE,Kroll,Engineer,40000
228248,Yuriy,Plump,Senior Staff,54431
228554,Bilhanan,Brendel,Senior Staff,71741
228766,Nahla,Smailagic,Engineer,86747
229098,Berry,Yurek,Senior Staff,41874
229220,Fabrizio,Lichtman,Engineer,40000
229248,Harjit,Terekhov,Staff,40000
229386,Pohua,Tasistro,Technique Leader,60980
229391,Paloma,Henseler,Senior Engineer,50035
229404,Gilbert,Kilgour,Staff,55086
229547,Moni,Schach,Staff,61762
229727,Ewing,Millington,Engineer,43638
229981,Jamaludin,Fordan,Engineer,56315
230002,Tadahiro,Backhouse,Engineer,84438
230126,Bezalel,Radivojevic,Senior Staff,40000
230287,Renny,Alameldin,Assistant Engineer,40000
230354,Yinghua,Lorho,Senior Staff,40000
230498,Kolar,Puppo,Engineer,40000
230579,Shahar,Negoita,Senior Staff,60150
230689,Dietrich,Crabtree,Senior Staff,45823
230865,Takushi,Brattka,Staff,61136
231069,Trygve,Siksek,Staff,88709
231459,Nectarios,Pramanik,Assistant Engineer,55246
231671,Chandrasekaran,Pearson,Staff,40000
231798,Goetz,Alvarado,Engineer,46062
232178,Etsuo,Anandan,Senior Staff,40000
232209,Nitsan,Rouquie,Senior Engineer,46339
232697,Barry,Ramsak,Engineer,40000
232723,Tesuya,Bugrara,Engineer,40000
233114,Alselm,Gargeya,Senior Engineer,78365
233394,Khalid,Lenart,Engineer,40000
233397,Fay,Sundgren,Senior Staff,63272
233426,Etsuo,Usery,Engineer,40990
233690,Cedric,Riefers,Engineer,47246
233759,Zissis,Lodder,Engineer,40000
233765,Kotesh,Chachaty,Engineer,47195
233785,Baziley,Ballarin,Senior Staff,88012
233818,Kellie,Heydon,Senior Engineer,40000
234195,Luerbio,Terkki,Senior Staff,50836
234739,Foong,Aamodt,Senior Engineer,40000
235017,Irena,Dratva,Staff,66452
235096,Sverrir,Gyimothy,Senior Staff,75886
235325,Gro,Prochazka,Engineer,40000
235368,Anneli,Joslin,Senior Engineer,40000
235458,Gio,Heuser,Senior Staff,46139
235729,Henk,Anger,Senior Staff,52272
235780,Sampalli,Bergere,Senior Engineer,40000
235793,Jayesh,Spinelli,Senior Engineer,61027
236315,IEEE,Raczkowsky,Technique Leader,40000
236566,Yechezkel,Maginnis,Senior Staff,40000
236591,Insup,Reinhard,Senior Staff,63990
236827,Almudena,Rijckaert,Senior Engineer,40000
236883,Huan,Olivero,Staff,72410
236964,Adel,Foote,Staff,85659
238112,Miomir,Frezza,Technique Leader,40000
238252,Uno,Suppi,Staff,48008
238422,Vishv,Angelov,Senior Staff,40000
238949,Minghong,Cronin,Senior Staff,55007
239067,Tadahiko,Pocchiola,Staff,90988
239244,Abdulla,Kitai,Senior Staff,58738
239415,Susumu,Brender,Senior Engineer,48404
239426,Vesna,Fairtlough,Engineer,40000
239664,Sugwoo,Michaels,Senior Engineer,40000
239706,Arunas,Bugrara,Assistant Engineer,58498
239748,Bilhanan,Dusink,Staff,69092
239803,Oscal,Ernst,Senior Staff,40000
240132,Mizuhito,Kobara,Senior Staff,56439
240236,True,Tischendorf,Engineer,40000
240285,Kolar,Greenaway,Staff,45885
240340,Mack,Staylopatis,Senior Engineer,40000
240438,Temple,Cyre,Senior Staff,62140
240870,Francesca,Chorvat,Senior Staff,40000
241100,Cedric,Molenaar,Engineer,40000
241254,Jagoda,Anguita,Senior Engineer,40000
241292,Uri,Lampe,Senior Staff,42997
241567,Emran,Miara,Engineer,40000
241667,Atilio,Olivero,Engineer,56580
241728,Limsoon,Boudaillier,Senior Engineer,52540
241872,Bluma,Fetvedt,Staff,40000
242019,Herb,Murrill,Senior Engineer,50527
242081,Tomokazu,Pargas,Assistant Engineer,50182
242104,Richara,Sudkamp,Senior Staff,57772
242500,Bingning,Iisaku,Senior Staff,76979
242800,Kazuyasu,Levergood,Engineer,46401
243018,Bowen,Deverell,Senior Staff,62716
243077,Kazunori,Perz,Senior Engineer,54935
243576,Abdulah,Lodder,Senior Staff,60593
243637,Marjo,Delgrange,Senior Staff,60619
243898,Arch,Basawa,Staff,58876
244308,Mokhtar,Rebaine,Staff,51276
244605,Masoud,Suwa,Senior Staff,40000
244624,Boaz,Seuren,Senior Staff,40000
244711,Rosli,Butner,Assistant Engineer,56130
244714,Poorav,Clouatre,Senior Engineer,50839
244820,Shigenori,Hertweck,Engineer,54013
244873,Arunachalam,Oppitz,Senior Staff,82148
245164,Filipp,Winter,Senior Engineer,57847
245396,Gift,Bottner,Staff,40000
245664,Manohar,Kilgore,Staff,68558
246146,Zhongwei,Melski,Senior Engineer,57332
246244,George,Casperson,Staff,53305
246364,Alper,Tiemann,Engineer,72695
246764,Shuzo,Czaja,Staff,71627
246798,Tianruo,Strooper,Senior Staff,96152
246902,Shih,Shanbhogue,Staff,40000
247089,Seongbae,Schahn,Senior Staff,66089
247122,Xiaobin,Narlikar,Senior Staff,40000
247447,Tzu,Bakhtari,Senior Engineer,45800
247456,Masako,Bahk,Engineer,61394
247612,Chiranjit,Constantine,Engineer,40000
247875,Xiong,Anick,Senior Staff,77461
247888,Abdelghani,Lagarias,Engineer,40000
248256,Sajjan,Falby,Staff,68786
248351,Jaana,Milicia,Senior Staff,55386
248758,Snehasis,Muhlberg,Senior Staff,79398
248953,Percy,Sudbeck,Assistant Engineer,47201
249239,Hideyuki,Decleir,Senior Engineer,40000
249325,Ute,Pokrovskii,Staff,82809
249433,Ayonca,Matzov,Engineer,50915
249504,Dmitry,Velardi,Engineer,40000
249780,Nechama,Gaughan,Senior Engineer,56733
249799,Jolita,Neimat,Senior Engineer,41338
249866,Steen,Gubsky,Senior Staff,49410
249969,Georgi,Luiz,Senior Engineer,73578
250411,Ranga,Sommen,Senior Staff,54722
250452,Alexius,Plavsic,Senior Engineer,55615
250748,Kish,Turnbull,Engineer,40000
251166,Hinrich,Hooghiemstra,Senior Staff,74699
251233,Yucel,Bernini,Engineer,47919
251301,Pintsang,Impagliazzo,Senior Staff,51640
251341,Divier,Kumaresan,Senior Staff,40000
251403,Utpal,DuBourdieux,Technique Leader,40000
251437,Shichao,Iwayama,Assistant Engineer,40000
251645,Bezalel,Tsunoo,Senior Staff,54614
251680,Moty,Sommen,Senior Engineer,54883
251814,Mitsuyuki,Zockler,Technique Leader,42555
252185,Chaosheng,Conta,Assistant Engineer,44552
252316,Gill,Niizuma,Engineer,46232
252392,Sanjeeva,Peron,Senior Engineer,40000
253029,Thodoros,Thimonier,Engineer,40000
253707,Insup,Hainaut,Staff,57777
253838,Stafford,Terlouw,Assistant Engineer,40000
253893,Huiqun,Trystram,Senior Engineer,44376
254044,Gunilla,Brendel,Engineer,40000
254399,Armond,Lores,Technique Leader,58503
254821,Tonny,Couchot,Staff,58821
255466,Huan,Roccetti,Senior Engineer,53964
255657,Oldrich,Cyre,Engineer,40000
255779,Heejo,Merle,Technique Leader,40000
256216,Halsur,Brodal,Engineer,40000
256856,Hongzue,Barbanera,Staff,40000
256881,Ioana,Jakobus,Engineer,45924
256888,Heather,Pehl,Staff,50006
257062,Stabislas,Pardalos,Engineer,53285
257378,Pascal,Bernatsky,Senior Staff,45349
257469,Anyuan,Hanratty,Senior Staff,53367
257484,Shaowei,Nicolson,Staff,40000
258028,Mountaz,Reinhart,Engineer,55108
258124,Mariusz,Zolotykh,Senior Staff,84665
258470,Weiwu,Butner,Staff,98002
258643,Przemyslawa,Esposito,Engineer,47581
259042,Xiaoqiang,Farrow,Staff,67056
259237,Palash,Gammage,Staff,40000
259273,Xiahua,Gomatam,Senior Engineer,52325
259611,Shuichi,Marrakchi,Senior Staff,57203
259619,Conal,Magliocco,Senior Staff,41263
259718,Stepehn,Bouloucos,Staff,57915
260153,Mingdong,Baar,Technique Leader,71781
260249,Vugranam,Beausoleil,Staff,49234
260361,Reinhold,Rahier,Engineer,40000
260399,Hatem,Birsak,Senior Staff,63485
260408,Sasan,Brookner,Senior Staff,40000
260501,Dzung,Pargas,Technique Leader,59070
261184,Masako,Kornatzky,Senior Engineer,51696
261631,Jianhua,Huttel,Engineer,48817
261662,Berni,Assaf,Senior Staff,64577
261737,Mark,Lindqvist,Senior Engineer,40000
261986,Gila,Ramsak,Senior Engineer,50346
261990,Volkmar,Czaja,Senior Staff,55592
262208,Mrinalini,Holburn,Senior Staff,82779
262210,Chinho,Bottner,Engineer,50052
262328,Mayuko,Vural,Staff,63741
262439,Lorien,Lagarias,Senior Staff,78223
262636,Tamiya,Reutenauer,Senior Engineer,62056
262752,Pramod,Bierman,Engineer,63602
262928,Piyush,Gill,Senior Engineer,40000
263012,Hideo,Buchter,Staff,40755
263186,Danny,Lowrie,Technique Leader,40000
263370,Shakhar,Ranze,Staff,76883
263439,Atreye,Kabayashi,Senior Engineer,40000
263645,Mingsen,Lally,Senior Engineer,62104
263649,Mechthild,Zongker,Senior Staff,67578
263926,Fusako,Schwartzbauer,Staff,43694
264030,Zdislav,Solares,Assistant Engineer,40000
264167,Baoqiu,Tomescu,Senior Engineer,59581
264322,Leandro,Swist,Senior Staff,58053
264626,Noritoshi,Bakhtari,Senior Staff,40000
264939,Bogdan,Bahi,Engineer,40000
265039,Navid,Staudhammer,Senior Staff,71928
265521,Kensei,Salverda,Senior Engineer,52088
265558,Susuma,Kleiser,Senior Staff,79792
265794,Miquel,Halloran,Senior Staff,83098
265875,Fan,Marsiglia,Engineer,44708
266206,Zsolt,Anily,Senior Staff,63169
266249,Sumant,Nishimukai,Senior Staff,65301
266310,Zvonko,Serdy,Senior Staff,40000
266644,Anwar,Gubsky,Staff,40000
266862,Mart,Plumb,Senior Staff,40000
266881,Mokhtar,Sabnani,Senior Staff,40000
267059,Moie,Tempesti,Staff,51878
267227,Susuma,Tagansky,Senior Engineer,40000
267304,Jordanka,Axelband,Senior Staff,61938
267667,Irena,Kaiserswerth,Staff,75381
268043,Narain,Mikschl,Engineer,40000
268191,LiMin,Teitelbaum,Engineer,53601
269728,Naftali,Kragelund,Staff,71296
270084,Ulises,Frolund,Staff,40000
270716,Shunichi,Baer,Staff,104010
270794,Dannz,Zhang,Senior Staff,73566
271106,Taisook,Kampfer,Engineer,57783
271219,Odoardo,Tyugu,Engineer,40000
272141,Tsutomu,Neiman,Senior Staff,40000
272285,Gully,Mitchem,Senior Staff,40000
272316,Surveyors,Muhling,Engineer,46031
272452,Mitsuyuki,Isard,Engineer,60967
272599,Holgard,Hegner,Senior Staff,42096
272860,Minghong,Candan,Assistant Engineer,40000
273159,Divine,Hofmeyr,Technique Leader,40000
273286,Brigham,Asmuth,Engineer,43159
273396,Wayne,Baba,Engineer,60301
273806,Hongzhu,Beetstra,Staff,81637
273858,Gunilla,Matzen,Senior Staff,66820
274071,Mingsen,Weiland,Staff,40000
274271,Prodip,Ritcey,Senior Staff,55623
274369,Ranga,Waymire,Senior Staff,44399
274813,Yefim,Pettey,Senior Staff,66431
275158,Satyanarayana,Brandsma,Engineer,93286
275263,Vojin,Laventhal,Senior Engineer,64702
275444,Limsoon,Leppanen,Senior Engineer,55338
275495,Shen,Yamaashi,Staff,41626
275801,Ayakannu,Heinisuo,Senior Staff,70395
275881,Jiann,Munro,Senior Engineer,40000
275994,Uma,Prampolini,Senior Engineer,40000
276027,Holgard,Stavenow,Senior Staff,40000
276184,Mari,Swick,Senior Staff,77922
276186,Sajjad,Vecchi,Senior Staff,40000
276189,Isaac,Klerer,Senior Staff,47945
276445,Atilio,Randi,Engineer,63137
276472,Hideyuki,Flanders,Senior Engineer,49162
276563,Gift,Solares,Senior Staff,40000
276868,Alois,Sanella,Staff,61613
277316,Vitali,Rothenberg,Senior Staff,86493
277362,Uzi,Kugler,Senior Staff,40000
277420,Rayond,Schach,Engineer,40000
277777,Herbert,Itzigehl,Senior Engineer,40000
277829,Michaela,Fandrianto,Senior Engineer,40000
278239,Boaz,Bottner,Staff,40000
278386,Caolyn,Poujol,Technique Leader,42957
278452,Sudhanshu,Toyoshima,Staff,40000
278536,Munenori,Shobatake,Staff,70597
278549,Jaana,Werthner,Senior Staff,89009
278953,Jeanna,Ghandeharizadeh,Senior Engineer,40000
279115,Maren,DuCasse,Engineer,55885
279280,Niranjan,Debuse,Engineer,40000
279791,Chiranjit,Lyonns,Assistant Engineer,40000
280070,Niteen,Ebeling,Staff,43684
280291,Lenore,Badache,Staff,41617
280420,Jahangir,Hofting,Staff,80385
280525,Kish,Herbst,Staff,100167
280648,Heeju,Lorys,Engineer,61217
281570,Zijian,Covnot,Assistant Engineer,50023
281692,Khosrow,Sommen,Senior Engineer,45215
281848,Parke,Staylopatis,Engineer,40000
281859,Masanao,Papastamatiou,Senior Engineer,56239
282191,Alper,Shinomoto,Engineer,41448
282333,Nahla,Serdy,Staff,40000
282343,Xinglin,Haldar,Staff,77230
282547,Nahum,Codenie,Engineer,40754
282585,Zijian,Lammel,Staff,43246
282894,Fay,Bellmore,Engineer,53242
284300,Ishfaq,Mahmud,Staff,90644
284431,Pintsang,Fujisawa,Senior Staff,65037
284561,Duri,Beznosov,Senior Engineer,50960
284687,Oksana,Redmiles,Engineer,40000
284691,Theron,Ressouche,Engineer,40000
284711,Martijn,Azevdeo,Senior Engineer,57721
284717,Gal,Ranta,Senior Engineer,40000
284856,Moto,Kobara,Engineer,40000
284954,Anneke,Hammerschmidt,Engineer,40000
285164,Xiaocheng,Kumaresan,Staff,91283
285396,Lena,Kohling,Senior Engineer,66793
285905,Kellyn,Bage,Senior Staff,51667
285906,Arnould,Buescher,Engineer,49297
286026,Utpal,Zaumen,Staff,65537
286029,Jaques,Nanard,Staff,41827
286370,Toshimitsu,Seuren,Senior Staff,45618
286452,Behnaam,Bierbaum,Engineer,43036
286573,Nahum,Nishimukai,Engineer,40000
286779,Sigeru,Versino,Engineer,54400
286986,Woody,Trelles,Senior Engineer,55706
287323,Steve,Dengi,Staff,73295
287327,Youjian,Felder,Staff,58866
287334,Elliott,Speer,Engineer,47441
287482,Shigeaki,Gihr,Engineer,63479
287583,Jovan,Hockney,Engineer,47726
287609,Sailaja,Negoita,Assistant Engineer,48605
287713,Aamod,Ranka,Senior Staff,46369
287808,Vidar,Ozeki,Technique Leader,51801
287983,Randi,Munos,Senior Staff,83519
287984,Troy,Kobuchi,Engineer,45001
288028,Kauko,Narwekar,Engineer,50537
288142,Shay,Heystek,Senior Staff,67640
288166,Masoud,Asmuth,Staff,66034
288560,Yifei,Birjandi,Senior Staff,64818
288563,Cristinel,Gerlach,Engineer,40000
288606,Susumu,Swiss,Staff,93892
288665,Horward,Khasidashvili,Senior Engineer,48607
288893,Bedrich,Rosenbaum,Engineer,40000
289454,Bowen,Narwekar,Senior Engineer,52363
289687,Fai,Maccarone,Senior Staff,45390
289807,Soenke,Lemarechal,Senior Staff,40000
289909,Hilari,Vecchio,Senior Staff,73997
290009,Zijian,Rindone,Senior Staff,40000
290075,Boalin,Byoun,Senior Staff,49861
290284,Kwangjo,Menhardt,Engineer,52459
290441,Gregory,Collavizza,Staff,91982
290467,Shaowen,Poulakidas,Senior Staff,47812
290478,Tsvetan,Sherertz,Assistant Engineer,54683
290563,Shigehiro,Oxenboll,Senior Engineer,40000
290769,Lalit,Blokdijk,Senior Engineer,44580
291352,Danai,Trelles,Technique Leader,55697
291612,Siamak,Gomatam,Engineer,40000
291669,Faiza,Bach,Engineer,59691
292110,Menkae,Showalter,Senior Engineer,53348
292146,Khatoun,Pulkowski,Engineer,40000
292210,Masaru,Huhdanpaa,Engineer,57954
292404,Hongzue,Zultner,Senior Staff,44910
292504,Georgi,Bednarek,Engineer,40000
292515,Bernd,Thummel,Assistant Engineer,40000
292828,Ziya,Tokunaga,Senior Engineer,40000
293080,Hideyuki,Slaats,Senior Staff,59821
293154,Syozo,Maliniak,Senior Staff,47147
293280,Moti,Steenbeek,Engineer,40000
293329,Fumiya,Griswold,Engineer,60254
293746,Sanjay,Litecky,Senior Engineer,40000
293752,Jungsoon,Bail,Senior Staff,60081
294144,Takanari,Ermel,Staff,74140
294241,Marl,Fiebach,Staff,74077
294446,Claudi,Ruemmler,Staff,57740
294461,Siddarth,Rosiles,Senior Engineer,44245
294527,Ashish,Candan,Senior Staff,62362
294652,Hironobu,Brodie,Engineer,40000
294791,Vesna,Lammel,Assistant Engineer,62854
294857,Caolyn,Ozeri,Engineer,76899
295030,Fun,Keirsey,Senior Staff,40000
295236,Kauko,Fujisawa,Engineer,40000
295254,Xuejun,Pfau,Staff,40000
295255,Jacopo,Bellone,Technique Leader,42789
295262,Moon,Pews,Assistant Engineer,40000
295268,Eben,Calkin,Senior Staff,62556
295278,Val,Barvinok,Senior Engineer,51829
295411,Chiranjit,Serot,Staff,53572
295857,Kankanahalli,Ciolek,Senior Staff,44461
296062,Shaz,Driscoll,Staff,55272
296303,Mariangiola,Heyers,Technique Leader,55209
296428,Charmane,Simmen,Senior Staff,62557
296664,Dipayan,Geffroy,Senior Engineer,40000
296687,Palash,Spieker,Staff,40000
296718,Kamakshi,Bahl,Senior Engineer,40000
297232,Lokesh,Saoudi,Senior Staff,56647
297431,Cathie,Ratnakar,Senior Staff,58600
297474,Irena,Terkki,Staff,44241
297905,Marc,Bahl,Assistant Engineer,40000
297954,Sailaja,Fujisaki,Assistant Engineer,40000
298339,King,Benzmuller,Senior Engineer,40000
298577,Florina,Litecky,Staff,75632
298953,Zita,Syang,Staff,56226
299346,Fumitake,Sichman,Senior Staff,40000
299580,Luisa,Itzfeldt,Engineer,49708
299718,Denny,Shobatake,Staff,40000
299737,Patricio,Itzfeldt,Senior Staff,75091
400046,Hilari,Christ,Senior Staff,40000
400358,Angus,Jullig,Engineer,65485
400683,Kamakshi,Manders,Staff,65023
400780,Poornachandra,Asser,Engineer,40000
400796,Bodo,Halevi,Engineer,40000
401154,Danae,Kragelund,Staff,40000
401278,Oguz,Schurmann,Assistant Engineer,62122
401333,Martins,Shokrollahi,Engineer,40000
401420,Florian,Uhrig,Senior Staff,40000
401574,Yannik,Falco,Technique Leader,52475
402025,Shigehito,Duclos,Senior Engineer,50425
402102,Kersti,Granlund,Engineer,40000
402664,Subhada,Janetzko,Senior Engineer,43122
402718,Jeanna,Rettelbach,Engineer,58377
402827,Weidon,Pollacia,Staff,53483
403010,Toshimitsu,Sluis,Senior Engineer,59167
403621,Deborah,Kaminger,Senior Staff,52532
403644,Krisda,Hainaut,Senior Staff,40000
403954,Jeanna,Bratten,Senior Engineer,40000
404018,Valery,Babb,Senior Engineer,55622
404236,Zengping,Kakkar,Senior Engineer,43423
404462,Anestis,Setlzner,Senior Engineer,40194
404573,Eberhardt,Spelt,Staff,40000
404755,Manu,Junet,Staff,55120
404788,Basem,Beausoleil,Engineer,50754
405015,Morris,Fargier,Senior Staff,72535
405063,Yechezkel,Yurov,Senior Engineer,67423
406125,Georgi,Portugali,Technique Leader,40000
406239,Marek,Tomescu,Engineer,40000
406564,Parviz,Picco,Engineer,42716
406714,Malu,Ossenbruggen,Staff,40000
406847,Alexius,Crouzet,Staff,65556
407522,Tommaso,Raczkowsky,Staff,53708
407837,Fei,Erez,Senior Engineer,47359
408019,Shridhar,Chleq,Assistant Engineer,46019
408114,Geoffrey,Ladret,Engineer,75323
408163,Irene,Sethi,Senior Engineer,67566
408417,Tsz,Daescu,Staff,50677
408437,Uno,Solares,Senior Staff,59806
408447,Mayuri,Werthner,Staff,65539
408654,Yongqiao,Cochrane,Senior Staff,47427
408953,Jolita,Claffy,Senior Engineer,40000
409391,Willard,Verspoor,Engineer,40675
409798,Dekang,Tsunoo,Technique Leader,55643
409805,Frazer,Candan,Senior Engineer,60575
409898,Divier,Ishibashi,Senior Engineer,60860
410028,Xiadong,McClurg,Staff,40000
410372,Duri,Mitina,Engineer,40608
410433,Kazuhisa,Riesenhuber,Senior Engineer,49038
410616,Gudjon,Kalorkoti,Engineer,40000
410804,Ronnie,Denos,Engineer,49617
410881,Koichi,Grabner,Senior Engineer,40000
411070,Otmar,Brandsma,Engineer,41389
411082,Martine,Cangellaris,Engineer,40987
411143,Goncalo,Barbanera,Senior Staff,87814
412404,Mitsuyuki,Jeansoulin,Senior Engineer,75569
412757,Leen,Peak,Engineer,40000
413098,Hsiangchu,Taubenfeld,Staff,45619
413205,Mototsugu,Prampolini,Senior Staff,82766
413666,Remco,Duclos,Senior Staff,62764
413729,Harjit,Ernst,Technique Leader,40000
413831,Mohamadou,Grabner,Staff,40444
413832,Marco,Jahnichen,Senior Staff,40000
414027,Tadanori,Msuda,Engineer,40000
414091,Wuxu,Kuhnemann,Engineer,40000
414543,Bernd,Anick,Senior Engineer,68487
414551,Elliott,Copas,Senior Engineer,41620
414662,Ipke,Schneeberger,Senior Engineer,52170
414714,Chinho,Delgrande,Senior Staff,47105
414814,Dayanand,Wielonsky,Staff,43223
414897,Juyoung,Willoner,Senior Staff,69580
415187,Juyoung,Peltason,Assistant Engineer,57432
415338,Shigeo,Emmart,Assistant Engineer,40000
415363,Conal,Shackell,Senior Staff,56789
415563,Mrinalini,Bierbaum,Engineer,51477
416074,Alain,Lieberherr,Engineer,40000
416383,Nectarios,Itschner,Senior Engineer,57970
416420,Adamantios,Heemskerk,Senior Staff,57583
416492,Kannan,Meriste,Senior Engineer,40000
416660,Nathalie,Luke,Senior Engineer,40000
416720,Tokuyasu,Xiaoshan,Engineer,50877
416877,Gio,Orsini,Senior Staff,82181
416892,Shooichi,Vandervoorde,Engineer,55754
417435,Bouchung,Zaumen,Senior Staff,88979
418239,Josyula,Motley,Senior Engineer,65620
418247,Oscar,Oppitz,Staff,58604
418298,Arvin,Pusterhofer,Engineer,40000
418309,Danel,Petereit,Senior Engineer,47095
418380,Kazuhiko,Gornas,Senior Engineer,41525
418566,Kazuhide,Snedden,Senior Engineer,62954
418606,Michaela,Otillio,Engineer,41390
418717,Arunachalam,Magliocco,Senior Staff,67967
418860,Ymte,Dalton,Staff,51181
419099,Heon,Broomell,Staff,96271
419953,Ung,Orlowski,Senior Staff,60803
420086,Susuma,Kitsuregawa,Engineer,48457
420476,Mariangiola,Bolsens,Senior Staff,40000
420557,Mabhin,Eastman,Senior Staff,82355
420694,Frazer,Barbanera,Staff,40000
420732,Willard,Morrin,Senior Staff,59288
420759,Raimond,Solovay,Staff,55608
420765,Shawna,Krider,Senior Staff,78825
420877,Khosrow,Erez,Senior Staff,48689
421022,Shigeaki,Butner,Senior Staff,67327
421033,Garnik,Randt,Staff,87795
421074,Zhaofang,Falster,Staff,72554
421312,Mariangiola,Bashian,Engineer,40000
421384,Renny,Bednarek,Staff,40000
421755,Shichao,Thiria,Assistant Engineer,49914
422146,Kenton,Miara,Engineer,40000
422783,Jagoda,Uhrig,Engineer,40000
423038,Takushi,Strehl,Senior Staff,60743
423204,Uma,Stranks,Senior Staff,64505
423208,Joydip,Krone,Engineer,58830
423214,Tsutomu,Tetzlaff,Staff,67902
423327,Constantijn,Lichtman,Staff,79684
423350,Heping,Monarch,Staff,45927
423633,Mariusz,Tokunaga,Senior Engineer,51147
423993,Seshu,Kolvik,Technique Leader,40000
424569,Danco,Luff,Engineer,67193
424584,Kagan,Dredge,Engineer,49152
424685,Changho,Veevers,Senior Staff,44053
424797,Theron,Itschner,Senior Staff,99526
424805,Jacqueline,Zallocco,Senior Staff,81079
424930,Xuejun,Reeker,Staff,48452
424984,Vasilis,Waleschkowski,Engineer,40000
425437,Moni,Staudhammer,Engineer,43287
425535,Alagu,Vieri,Senior Staff,80858
425540,Paddy,Zumaque,Senior Staff,53256
425757,Yongdong,Jiang,Senior Staff,65128
425780,Paris,Range,Senior Staff,65037
425830,Guther,Conia,Engineer,63504
425875,Jahangir,Kroft,Senior Staff,41046
426153,Shahaf,Luce,Senior Staff,74658
426168,Kaijung,Mateescu,Senior Staff,51634
426228,Supot,Badache,Engineer,48175
426235,Danco,Rajala,Staff,46445
426644,Zejun,Broomell,Senior Engineer,66298
426706,Karsten,Kawashima,Engineer,52496
426795,Huican,Lunn,Senior Staff,48445
426818,Gaurav,Fendler,Senior Staff,40000
426819,Sandeepan,Kulisch,Engineer,51809
426824,Gopalakrishnan,Mawatari,Senior Staff,58680
426958,Weijing,Viele,Engineer,55729
427313,Utpal,Kemmerer,Senior Staff,40000
427320,Mamdouh,Ramamoorthy,Senior Engineer,53985
427332,Feiyu,Hemaspaandra,Staff,50549
427571,Torsten,Ranta,Senior Engineer,55037
427776,Jaques,Navazio,Senior Staff,83358
427805,Haldun,Compeau,Senior Staff,66766
427823,Jaques,Gecsei,Staff,46107
427852,Adil,Kieras,Senior Engineer,48349
428082,Ronghao,Alpin,Staff,40000
428160,Jamaludin,Kalorkoti,Staff,62732
428195,Hatsukazu,Rosca,Senior Staff,63119
428219,Ghassan,Androutsos,Senior Staff,84926
428917,Theron,Billawala,Assistant Engineer,40000
429087,Hugh,Senzako,Technique Leader,51383
429231,Kazuyasu,Schmiedel,Senior Staff,85371
429238,Mona,Luck,Senior Staff,98463
429249,Alassane,Wolniewicz,Engineer,40000
429316,Seshu,Hiraishi,Senior Staff,40000
429381,Limsoon,Roohalamini,Senior Staff,75021
429481,Subhada,Emmerich,Engineer,50310
429520,Yongqiao,Francisci,Engineer,64463
429532,Bartek,Vendrig,Senior Staff,68137
429569,Fumiya,Chappelet,Assistant Engineer,47441
429703,Ung,Honglei,Senior Staff,40000
429899,Ranan,Marsiglia,Staff,40554
429954,Renny,Gladwell,Staff,77431
430054,Erzsebet,Setiz,Senior Engineer,91507
430558,Xiong,Roisin,Engineer,40000
430593,Janalee,Lanzelotte,Senior Staff,40000
430631,Kersti,Marsiglia,Engineer,55205
430891,Khalil,Gien,Senior Engineer,68320
431576,Masamitsu,Back,Senior Staff,76741
431657,Visit,Thiran,Engineer,40000
431882,Hideo,Varman,Engineer,53101
431887,Poorav,Ranst,Senior Engineer,44157
432031,Adamantios,Matzat,Staff,60534
432034,Arfst,Uehara,Senior Staff,50138
432121,Alair,Straney,Staff,40000
432257,Kwangjo,Hiltgen,Engineer,84748
432261,Arve,Bergere,Engineer,73145
432399,Nitsan,Nollmann,Senior Engineer,40000
432523,Takahiro,Maquelin,Engineer,77172
432665,Flemming,Driscoll,Engineer,42199
432787,Toshiko,Ibel,Senior Engineer,41515
432956,Qunsheng,Birrer,Senior Staff,59603
433059,Bojan,Montresor,Staff,83650
433157,Tomofumi,Serna,Staff,84693
433260,Make,Olivero,Assistant Engineer,40000
433438,Keiichiro,Miyakawa,Senior Staff,86599
434845,Takushi,Skogmar,Senior Staff,56010
434936,Sahrah,Rosis,Engineer,54397
435042,Brigham,Borstler,Staff,55687
435060,Moie,Lieblein,Staff,48951
435181,Kazuhide,Fiutem,Senior Staff,40000
435289,Feixiong,Schurmann,Senior Staff,78074
435305,Berthier,Pramanik,Senior Staff,61083
435370,Conal,Basart,Senior Staff,56330
435588,Genta,Pepe,Senior Staff,40000
435602,Dietrich,Kranzdorf,Staff,70591
435774,Olivera,Bharadwaj,Senior Staff,62182
435791,Hercules,Speer,Engineer,41333
436558,Subir,Greibach,Senior Engineer,59648
436797,Ohad,Henders,Senior Staff,47748
436827,Wojceich,Limongiello,Senior Staff,42069
436915,Feixiong,Haraldson,Staff,40000
437276,Dines,DeMori,Staff,52997
437369,Kazuhide,Biran,Senior Staff,44053
437395,Sumant,Thambidurai,Staff,75620
437724,Erez,Luft,Staff,53468
437870,Kerhong,Lorho,Staff,65132
438038,Lena,Giaccio,Senior Staff,77091
438264,Rasikan,Barreiro,Senior Staff,42706
438557,Lidong,Swist,Engineer,40000
439377,Mari,Plessier,Senior Engineer,40000
439905,Kousuke,Levasseur,Staff,56753
439924,Gunilla,Kisuki,Senior Staff,81991
440325,Douadi,Sullins,Senior Staff,70248
440435,Sandeepan,Rosti,Senior Engineer,40000
440450,Tzvetan,Scharstein,Senior Staff,42474
440642,Snehasis,Kalsbeek,Senior Staff,96916
440870,Filipp,Hasham,Senior Staff,40000
440937,Fabrizio,Usery,Senior Staff,55815
441197,Miquel,Legleitner,Senior Staff,56738
441536,Chinho,Collette,Senior Engineer,40000
441954,Leszek,Marchegay,Engineer,42564
441965,Claudi,Heijenga,Staff,40000
442002,Ravishankar,Baig,Senior Staff,72966
442096,Martijn,DiGiano,Senior Engineer,52432
442312,Zengping,Cusworth,Engineer,50796
442490,Navid,Luke,Engineer,90851
442653,Mona,Hebden,Engineer,64003
442700,Siddarth,Masada,Staff,52753
442898,Aksel,Gire,Engineer,40000
443108,Christfried,Atrawala,Senior Staff,60079
443485,Marke,Klerer,Senior Staff,54884
443841,Shaw,Kading,Senior Staff,91933
443873,Vatsa,Ramsay,Senior Staff,60024
444070,Heping,Skrikant,Senior Staff,40000
444099,Kousuke,Worfolk,Senior Staff,81037
444208,Irena,Cesareni,Senior Staff,81161
444465,Prasadram,Bultermann,Senior Engineer,47281
444487,Udi,Rullman,Senior Engineer,40000
444643,Berna,Schonegge,Staff,40000
445067,Eldridge,Kawashima,Engineer,45253
445152,Heping,Peac,Senior Staff,49949
445226,Oscar,Baumann,Engineer,40000
445570,Van,Nations,Technique Leader,46882
445723,Gaurav,Roison,Senior Staff,55964
445941,Masako,Dechter,Technique Leader,41871
445950,Ebru,Valtorta,Senior Engineer,40000
446121,Fay,Cochrane,Staff,66901
446306,Hercules,Kabayashi,Senior Engineer,52162
446424,DAIDA,Nooteboom,Senior Engineer,58549
446897,Takahiro,Dalton,Technique Leader,40000
446959,Aram,Passino,Senior Engineer,46058
447018,Dannz,Miara,Senior Engineer,40000
447135,Gennady,Rouquie,Senior Staff,40000
447232,Aleksander,Schaaf,Senior Staff,102759
447376,Kirk,Zongker,Staff,70592
447544,Stabislas,Kakkad,Senior Staff,86434
447613,Paris,Restivo,Engineer,43894
447877,Make,Heuser,Engineer,40000
447931,Martijn,Jeong,Senior Staff,72595
447966,Kamakshi,Hebert,Engineer,57165
447982,Shiv,Baezner,Engineer,40000
447999,Shiv,Vilarrasa,Engineer,48626
448769,Mong,Dichev,Technique Leader,56886
448900,Mart,Talmor,Staff,55122
448918,Chiradeep,Arlazarov,Engineer,48275
448994,Haldun,Syang,Staff,55952
449189,Jahangir,Bernatsky,Senior Staff,52150
449815,Fumitaka,Quittner,Senior Staff,43762
449984,Hinrich,Perin,Engineer,40000
450184,Selwyn,Henseler,Senior Engineer,57687
450255,Udo,Waymire,Technique Leader,40000
450309,Gill,Orlowska,Technique Leader,47695
450475,Saeed,Bahl,Senior Staff,41804
450817,DAIDA,Frolund,Engineer,56583
450888,Sedat,Rande,Senior Staff,55308
450934,Chanjung,Raoux,Engineer,40000
450936,Yuriy,Ponthieu,Senior Staff,49451
451253,Jaihie,Ozeri,Senior Staff,66577
451272,Jacopo,Krohm,Engineer,50905
451275,Bedrich,Isard,Senior Staff,40000
451333,Radhika,Bonifati,Senior Staff,40000
452137,Subir,Miake,Engineer,59812
452206,Arra,Esposito,Staff,57175
452325,Taiji,Berstel,Senior Engineer,71879
452347,Shigeichiro,Brattka,Staff,56042
452365,Fei,Gadepally,Assistant Engineer,40000
452956,Gou,Thombley,Senior Engineer,44716
452957,Alair,Nanard,Staff,60350
452982,Lobel,Aloia,Senior Staff,103154
453070,Aran,Rosenbaum,Senior Staff,40000
453154,Gao,Lally,Staff,40000
453644,Berni,Takkinen,Senior Staff,60389
453688,Chinya,Leslie,Engineer,40000
453723,Arne,Kohling,Engineer,40996
453760,Ewing,Rajala,Senior Staff,40000
453790,Fai,Keirsey,Engineer,59270
453913,Stein,Perng,Staff,66997
454338,Mohammed,Georg,Engineer,40000
454378,Gina,Ossenbruggen,Technique Leader,63514
454736,Nechama,Ermel,Engineer,45224
454791,Xiaoqiu,Pietracaprina,Senior Engineer,70297
454825,Kamakshi,Schusler,Engineer,55857
454994,Mohan,Picht,Engineer,40000
455175,Soenke,Zaumen,Staff,40000
455284,Luisa,Baig,Engineer,40000
455726,Qiwen,Kriebel,Senior Staff,89978
455814,Giao,DuCasse,Senior Engineer,40757
455914,Peer,Angelopoulos,Engineer,62820
456767,Tetsurou,Schreiter,Senior Staff,81806
456982,Shounak,Dratva,Engineer,41631
457070,Gay,Plavsic,Senior Staff,40000
457146,Jinpo,Heyers,Staff,58534
457305,Sorina,Lakshmanan,Staff,71290
457337,Xumin,Beidas,Technique Leader,40000
457411,Xudong,Peck,Senior Engineer,40000
457489,Berna,Ranst,Engineer,42727
457611,Indrajit,Krogh,Engineer,40000
457776,Florian,Siepmann,Senior Engineer,42709
457813,Foong,Gargeya,Engineer,40000
457832,Jackson,Zielinski,Senior Engineer,40000
457938,Arch,Picco,Senior Staff,56568
458111,Florian,Tramer,Engineer,76812
458134,Thanasis,Standera,Staff,40000
458191,George,Atchley,Staff,71591
458383,Mabhin,Foote,Engineer,40000
458726,Shahaf,Kitai,Senior Staff,40000
458790,Ramya,Azadmanesh,Senior Engineer,40000
459172,Val,Rissanen,Assistant Engineer,58787
459356,Pramod,Wendorf,Engineer,40000
459429,Mohit,Verhaegen,Staff,92397
459685,Hirochika,Goldhammer,Engineer,44433
460131,Adly,Hambrick,Staff,68182
460691,Munehiko,Gihr,Senior Staff,40000
460707,Yoshinari,Lanteri,Senior Engineer,40000
460920,Remzi,Mitzlaff,Senior Staff,77844
461120,Shietung,Gelosh,Engineer,68304
461270,Mrinalini,Mawatari,Staff,76737
461801,Sumali,Cooman,Senior Staff,59006
462493,Paloma,Gerlach,Senior Engineer,40000
462795,Somnath,Cummings,Staff,47611
463023,Itzchak,Penn,Staff,53407
463099,Jinxi,Schmiedel,Senior Staff,59911
463212,Ramya,Rossi,Senior Engineer,47857
463472,Jaber,Sethi,Technique Leader,40000
463495,Alenka,Barriga,Senior Staff,40000
464284,Huiqun,Henders,Senior Staff,85882
464303,Abdelghani,Nyrup,Staff,48803
465062,Stafford,Gist,Engineer,44624
465076,Tokuyasu,Ghelli,Engineer,58601
465085,Vidar,Gunderson,Senior Staff,40000
465409,Shahid,Varman,Senior Staff,67038
465501,Mrinalini,Gire,Senior Staff,40000
465711,Lakshmi,Frijda,Engineer,54507
465853,Kwan,Kampfer,Staff,40000
465874,Herb,Picht,Assistant Engineer,72099
466064,Temple,Danlos,Senior Staff,48435
466367,Hiroyasu,Strandh,Senior Staff,40000
466509,Bezalel,Verhoeff,Senior Engineer,40000
466603,Yechezkel,Nourani,Staff,54724
466745,Boalin,Birsak,Staff,40000
467176,Przemyslawa,Borovoy,Staff,56585
467269,Nahum,Lambe,Technique Leader,40000
467392,Mariusz,Rikino,Engineer,45749
467441,Margareta,Bondorf,Senior Engineer,40000
467591,Kiyotoshi,Hennebert,Staff,52731
467886,Sivanarayana,Chandrasekhar,Senior Staff,66865
467918,Tsuneo,Skrikant,Staff,40000
468360,Huei,Saoudi,Technique Leader,40000
468417,Kamakshi,Huhdanpaa,Engineer,40000
468659,Ranga,Lemarechal,Senior Engineer,40000
468773,Baziley,Brookner,Senior Engineer,41553
469104,Nadjib,Comellas,Senior Engineer,42499
469253,Baruch,Basawa,Engineer,40000
469269,Weiyi,Codenie,Engineer,40000
469366,Aiman,Wilfing,Engineer,48989
469399,Hongzhu,Ruemmler,Engineer,51576
469527,Halsur,Ibel,Staff,43350
469529,Neven,Rikino,Senior Engineer,40247
469735,Arif,Stranks,Senior Engineer,65879
469867,Hein,Jonsson,Staff,49974
470456,Reuven,Oehlmann,Staff,45633
470472,Zhiguo,Staudhammer,Engineer,40000
471397,Nigel,Zirintsis,Engineer,40000
471532,Feiyu,Decleir,Technique Leader,46522
471552,Basem,Lortz,Staff,42758
471911,Arun,Zaccaria,Assistant Engineer,40000
471939,Kazuhiko,Marshall,Staff,69487
472052,Godehard,Chinal,Assistant Engineer,52516
472143,Yahiko,Sommen,Senior Staff,78806
472238,Jungsoon,Gubsky,Senior Engineer,52860
472790,Zhenbing,Ibel,Senior Engineer,55035
472950,Weidon,Fordan,Senior Engineer,60425
473268,Hugo,Sgarro,Senior Staff,55564
473299,Khaled,Penn,Senior Staff,83582
473490,Pantung,Reeker,Senior Staff,40000
473940,Avishai,Majewski,Engineer,46814
474331,Sugwoo,Eugenio,Senior Staff,40000
474763,Mayuko,Clouatre,Engineer,61436
474796,Zongyan,Shackel,Technique Leader,68336
475087,Genevieve,Snedden,Senior Engineer,40000
475258,Fumiyo,Feinberg,Senior Staff,40000
475538,Christophe,Leaver,Staff,40000
475938,Shigeaki,Lanteri,Engineer,40000
475965,Rimon,Pietracaprina,Engineer,40000
476055,Girolamo,Schlumberger,Staff,40000
476122,Khun,Spieker,Engineer,40000
476327,Reinhold,Binkley,Engineer,51519
476361,Doohun,Preusig,Technique Leader,42446
477350,Terresa,Vigier,Staff,47167
477578,Marit,Paludetto,Engineer,83068
477969,Bluma,Mundy,Engineer,40000
478007,Fumino,Narahara,Engineer,47559
478170,Doowon,Schoegge,Assistant Engineer,40000
478218,Djenana,Erol,Engineer,65244
478439,Yuichiro,Bale,Technique Leader,47250
478768,Arun,Katzenelson,Engineer,67237
478799,Shaw,Borovoy,Senior Staff,40297
478833,Pradeep,Valiente,Engineer,83315
478858,Hidekazu,Perna,Staff,40000
479024,Ewing,Kalorkoti,Engineer,60882
479407,Randi,Tomescu,Assistant Engineer,46866
479601,Kayoko,Bahi,Staff,65786
479695,Masamitsu,Murrill,Senior Staff,40176
480035,Sukumar,Georg,Senior Staff,40000
480066,Suebskul,Menhardt,Engineer,40000
480178,Uinam,Rahier,Staff,55930
480268,Gaurav,Cheshire,Technique Leader,44209
480407,Deniz,Bennis,Senior Engineer,40000
481050,Weiru,Burnard,Senior Staff,50385
481213,Shigehiro,Haldar,Staff,73617
481397,Luisa,Chelton,Assistant Engineer,40000
481764,Teiji,Marrakchi,Senior Engineer,60322
481790,Haldun,Erie,Senior Engineer,50133
482335,Kwangyoen,Peck,Engineer,56445
482354,Jayson,Zockler,Staff,40000
482755,Jouni,Conia,Staff,77972
482885,Shaunak,Brizzi,Assistant Engineer,49347
482905,Aral,Hebden,Senior Staff,65709
482944,Duke,Journel,Staff,96529
483401,Rosita,Pokrovskii,Senior Staff,50685
483675,Hausi,Kamber,Engineer,40000
483825,Marek,Mitchem,Senior Engineer,52817
483838,Sham,Kavanagh,Assistant Engineer,40000
483978,Dung,Tanemo,Staff,100425
484126,Manton,Lueh,Senior Staff,48754
484142,Perry,Cooman,Staff,40000
484498,Herbert,Hammerschmidt,Engineer,66106
484756,Phule,Ruemmler,Engineer,40000
485253,Gladys,Parhami,Senior Staff,53582
485489,Keiichiro,Armand,Engineer,55395
485577,Rafael,Menhoudj,Senior Engineer,40000
485579,Munehiro,Iwayama,Senior Engineer,44117
485799,Yoshimitsu,Litvinov,Senior Staff,40000
485817,Mahmut,Bolotov,Engineer,51242
486068,Yefim,Bernardeschi,Senior Staff,54089
486808,Geoffrey,Siochi,Senior Engineer,40000
486918,Yagil,Remmers,Senior Staff,51627
486956,Matt,Ruemmler,Engineer,63351
486958,Tonny,Kropf,Engineer,45160
487008,Zhigen,Raney,Senior Staff,73387
487505,Uno,Jayawardene,Senior Staff,57439
487988,Ekawit,Schaft,Senior Staff,40000
488095,Francoise,Hegner,Senior Staff,40000
488142,Denis,Narlikar,Staff,40612
488482,Kensyu,Tsunoo,Engineer,44477
488540,Breannda,Maquelin,Senior Staff,88346
488619,Georgy,Bennis,Engineer,58714
488693,Jiong,Zultner,Senior Engineer,40000
488707,Mihalis,Remmers,Senior Staff,61980
488752,Nimmagadda,Baja,Senior Staff,44935
488788,Wuxu,Garigliano,Staff,55528
488984,Kendra,Junet,Senior Staff,68524
489755,Matk,Chorvat,Senior Staff,50263
489756,Kersti,Miculan,Senior Staff,74625
489928,Satoru,Janetzko,Assistant Engineer,43680
490551,Lalit,Lindqvist,Engineer,52602
490557,Luise,Vigier,Senior Engineer,45888
490568,Zita,Reistad,Senior Engineer,58375
490720,Younwoo,Samarati,Senior Engineer,57642
491079,Kwangsub,Keirsey,Senior Engineer,47638
491162,Panayotis,Hempstead,Senior Engineer,55743
491478,Gill,Varman,Senior Staff,50787
491596,Charmane,Pargas,Engineer,40000
491632,Gadiel,Perly,Senior Staff,75387
492000,Valeska,Cools,Senior Staff,40000
492052,Udo,Ratnakar,Staff,53754
492217,Heekeun,Verhaegen,Senior Engineer,43116
492639,Sanjoy,Porenta,Engineer,63732
492677,Goetz,McAffer,Senior Engineer,57772
493031,Hironoby,Jakobus,Senior Staff,58953
493048,Muzhong,Berztiss,Staff,87744
493096,Sachem,Msuda,Engineer,54424
493744,Leni,Kropatsch,Senior Engineer,40000
494019,Morrie,Iisaku,Staff,65241
494088,Phule,Dahlbom,Engineer,53267
494493,Masasuke,Koprowski,Staff,96959
494995,Yongmao,Pouyioutas,Senior Staff,61003
496100,Pranjal,Reinhard,Staff,40197
496970,Giordano,Maquelin,Senior Engineer,58910
496978,Danco,Debuse,Senior Staff,74289
497007,Oldrich,Adachi,Senior Engineer,42380
497174,Sanjiv,Bressoud,Engineer,45255
497340,Fayez,Keohane,Senior Staff,62550
497391,Paris,Lieblein,Engineer,74583
497835,Shuho,Laurillard,Technique Leader,40000
498185,Caolyn,Marciano,Senior Engineer,40000
498337,Naraig,Docker,Staff,65293
498456,Geraldo,Gerteisen,Staff,40000
498635,Florian,Pezzoli,Senior Staff,43577
498838,Sanjay,Ciolek,Senior Staff,40000
498845,Arumugam,Pelc,Senior Engineer,40000
498955,Nechama,Kandlur,Senior Engineer,52314
499194,Padma,Delgrange,Senior Staff,61589
499260,Danae,Honglei,Engineer,40000
499495,Baoqiu,Kakkar,Engineer,40000
